{
    "id": "retejs@0.1.0",
    "nodes": {
        "1": {
            "id": 1,
            "data": {
                "num": 5
            },
            "inputs": {},
            "outputs": {
                "num": {
                    "connections": [{
                        "node": 2,
                        "input": "num1",
                        "data": {
                            "pins": [{
                                "x": 595.9458770751953,
                                "y": 153.8873748779297
                            }]
                        }
                    }, {
                        "node": 2,
                        "input": "num2",
                        "data": {
                            "pins": [{
                                "x": 595.9458770751953,
                                "y": 377.8873748779297
                            }]
                        }
                    }]
                }
            },
            "position": [182.1835483981319, 218],
            "name": "Number"
        },
        "2": {
            "id": 2,
            "data": {
                "num1": 0,
                "num2": 0,
                "preview": 0
            },
            "inputs": {
                "num1": {
                    "connections": [{
                        "node": 1,
                        "output": "num",
                        "data": {
                            "pins": [{
                                "x": 595.9458770751953,
                                "y": 153.8873748779297
                            }]
                        }
                    }]
                },
                "num2": {
                    "connections": [{
                        "node": 1,
                        "output": "num",
                        "data": {
                            "pins": [{
                                "x": 595.9458770751953,
                                "y": 377.8873748779297
                            }]
                        }
                    }]
                }
            },
            "outputs": {
                "num": {
                    "connections": []
                }
            },
            "position": [762.7081909783406, 125.77475396179705],
            "name": "Add"
        }
    }
}